{
    "name": "root",
    "metadata": {
        "timer_format_version": "0.1.0",
        "start_time_seconds": "1645775613",
        "python_version": "3.9.7 (default, Sep 16 2021, 08:50:36) \n[Clang 10.0.0 ]",
        "command_line_arguments": "/Users/maxhager/opt/anaconda3/bin/mlagents-learn config/VacuumCleanerAgent.yaml --run-id=imi1",
        "mlagents_version": "0.27.0",
        "mlagents_envs_version": "0.27.0",
        "communication_protocol_version": "1.5.0",
        "pytorch_version": "1.8.1",
        "numpy_version": "1.20.3",
        "end_time_seconds": "1645775685"
    },
    "total": 71.774705958,
    "count": 1,
    "self": 0.006241083000006142,
    "children": {
        "run_training.setup": {
            "total": 0.07554412500000007,
            "count": 1,
            "self": 0.07554412500000007
        },
        "TrainerController.start_learning": {
            "total": 71.69292075,
            "count": 1,
            "self": 0.06688651500003573,
            "children": {
                "TrainerController._reset_env": {
                    "total": 19.762428292,
                    "count": 1,
                    "self": 19.559611959,
                    "children": {
                        "demo_to_buffer": {
                            "total": 0.20281633299999768,
                            "count": 2,
                            "self": 4.40829999917014e-05,
                            "children": {
                                "load_demonstration": {
                                    "total": 0.005462875000002754,
                                    "count": 2,
                                    "self": 0.0051409170000020765,
                                    "children": {
                                        "read_file": {
                                            "total": 0.0003219580000006772,
                                            "count": 2,
                                            "self": 0.0003219580000006772
                                        }
                                    }
                                },
                                "make_demo_buffer": {
                                    "total": 0.19730937500000323,
                                    "count": 2,
                                    "self": 0.028430030999924583,
                                    "children": {
                                        "steps_from_proto": {
                                            "total": 0.16887934400007865,
                                            "count": 1816,
                                            "self": 0.08586365500006465,
                                            "children": {
                                                "_process_rank_one_or_two_observation": {
                                                    "total": 0.08301568900001399,
                                                    "count": 7264,
                                                    "self": 0.08301568900001399
                                                }
                                            }
                                        }
                                    }
                                }
                            }
                        }
                    }
                },
                "TrainerController.advance": {
                    "total": 51.784777483999974,
                    "count": 6147,
                    "self": 0.05814301900053209,
                    "children": {
                        "env_step": {
                            "total": 35.89250569999956,
                            "count": 6147,
                            "self": 33.34214528499939,
                            "children": {
                                "SubprocessEnvManager._take_step": {
                                    "total": 2.503541066000146,
                                    "count": 6147,
                                    "self": 0.1744493200003454,
                                    "children": {
                                        "TorchPolicy.evaluate": {
                                            "total": 2.3290917459998006,
                                            "count": 6147,
                                            "self": 0.5061048719998205,
                                            "children": {
                                                "TorchPolicy.sample_actions": {
                                                    "total": 1.8229868739999802,
                                                    "count": 6147,
                                                    "self": 1.8229868739999802
                                                }
                                            }
                                        }
                                    }
                                },
                                "workers": {
                                    "total": 0.046819349000028154,
                                    "count": 6146,
                                    "self": 0.0,
                                    "children": {
                                        "worker_root": {
                                            "total": 51.94519476699988,
                                            "count": 6146,
                                            "is_parallel": true,
                                            "self": 21.58827368200024,
                                            "children": {
                                                "steps_from_proto": {
                                                    "total": 0.001944250000001091,
                                                    "count": 1,
                                                    "is_parallel": true,
                                                    "self": 0.0005293750000028297,
                                                    "children": {
                                                        "_process_rank_one_or_two_observation": {
                                                            "total": 0.0014148749999982613,
                                                            "count": 4,
                                                            "is_parallel": true,
                                                            "self": 0.0014148749999982613
                                                        }
                                                    }
                                                },
                                                "UnityEnvironment.step": {
                                                    "total": 30.354976834999643,
                                                    "count": 6146,
                                                    "is_parallel": true,
                                                    "self": 0.31613328299913235,
                                                    "children": {
                                                        "UnityEnvironment._generate_step_input": {
                                                            "total": 0.21624710000007497,
                                                            "count": 6146,
                                                            "is_parallel": true,
                                                            "self": 0.21624710000007497
                                                        },
                                                        "communicator.exchange": {
                                                            "total": 28.83545522500021,
                                                            "count": 6146,
                                                            "is_parallel": true,