{
    "name": "root",
    "metadata": {
        "timer_format_version": "0.1.0",
        "start_time_seconds": "1645775718",
        "python_version": "3.9.7 (default, Sep 16 2021, 08:50:36) \n[Clang 10.0.0 ]",
        "command_line_arguments": "/Users/maxhager/opt/anaconda3/bin/mlagents-learn config/VacuumCleanerAgent.yaml --run-id=imi2",
        "mlagents_version": "0.27.0",
        "mlagents_envs_version": "0.27.0",
        "communication_protocol_version": "1.5.0",
        "pytorch_version": "1.8.1",
        "numpy_version": "1.20.3",
        "end_time_seconds": "1645775731"
    },
    "total": 13.491785333,
    "count": 1,
    "self": 0.005343416999998851,
    "children": {
        "run_training.setup": {
            "total": 0.07443154100000005,
            "count": 1,
            "self": 0.07443154100000005
        },
        "TrainerController.start_learning": {
            "total": 13.412010375,
            "count": 1,
            "self": 3.166599999993025e-05,
            "children": {
                "TrainerController._reset_env": {
                    "total": 13.41132625,
                    "count": 1,
                    "self": 12.762566125000001,
                    "children": {
                        "demo_to_buffer": {
                            "total": 0.648760124999999,
                            "count": 1,
                            "self": 6.437499999911722e-05,
                            "children": {
                                "load_demonstration": {
                                    "total": 0.02159975000000003,
                                    "count": 1,
                                    "self": 0.019950875000001034,
                                    "children": {
                                        "read_file": {
                                            "total": 0.001648874999998995,
                                            "count": 1,
                                            "self": 0.001648874999998995
                                        }
                                    }
                                },
                                "make_demo_buffer": {
                                    "total": 0.6270959999999999,
                                    "count": 1,
                                    "self": 0.07670579300003944,
                                    "children": {
                                        "steps_from_proto": {
                                            "total": 0.5503902069999604,
                                            "count": 5216,
                                            "self": 0.23551198299995235,
                                            "children": {
                                                "_process_rank_one_or_two_observation": {
                                                    "total": 0.3148782240000081,
                                                    "count": 20864,
                                                    "self": 0.3148782240000081
                                                }
                                            }
                                        }
                                    }
                                }
                            }
                        }
                    }
                },
                "TrainerController._save_models": {
                    "total": 0.000652458999999439,
                    "count": 1,
                    "self": 9.091799999971784e-05,
                    "children": {
                        "RLTrainer._checkpoint": {
                            "total": 0.0005615409999997212,
                            "count": 1,
                            "self": 0.0005615409999997212
                        }
                    }
                }
            }
        }
    }
}