{
    "name": "root",
    "gauges": {
        "VacuumCleaner.Policy.Entropy.mean": {
            "value": -3.18804669380188,
            "min": -3.18804669380188,
            "max": -1.2985734939575195,
            "count": 2
        },
        "VacuumCleaner.Policy.Entropy.sum": {
            "value": -31829.458984375,
            "min": -31829.458984375,
            "max": -13048.06640625,
            "count": 2
        },
        "VacuumCleaner.Step.mean": {
            "value": 19968.0,
            "min": 9984.0,
            "max": 19968.0,
            "count": 2
        },
        "VacuumCleaner.Step.sum": {
            "value": 19968.0,
            "min": 9984.0,
            "max": 19968.0,
            "count": 2
        },
        "VacuumCleaner.Policy.ExtrinsicValueEstimate.mean": {
            "value": -12.716577529907227,
            "min": -12.716577529907227,
            "max": -3.4113330841064453,
            "count": 2
        },
        "VacuumCleaner.Policy.ExtrinsicValueEstimate.sum": {
            "value": -1983.7861328125,
            "min": -1983.7861328125,
            "max": -532.16796875,
            "count": 2
        },
        "VacuumCleaner.Policy.GailValueEstimate.mean": {
            "value": 12.446187973022461,
            "min": 12.446187973022461,
            "max": 14.481335639953613,
            "count": 2
        },
        "VacuumCleaner.Policy.GailValueEstimate.sum": {
            "value": 1941.6053466796875,
            "min": 1941.6053466796875,
            "max": 2259.08837890625,
            "count": 2
        },
        "VacuumCleaner.Losses.PolicyLoss.mean": {
            "value": 0.3345668463420033,
            "min": 0.3180787345009809,
            "max": 0.3345668463420033,
            "count": 2
        },
        "VacuumCleaner.Losses.PolicyLoss.sum": {
            "value": 26.096214014676256,
            "min": 24.810141291076512,
            "max": 26.096214014676256,
            "count": 2
        },
        "VacuumCleaner.Losses.ValueLoss.mean": {
            "value": 1.2586440827785286,
            "min": 1.2586440827785286,
            "max": 3.9454520258634957,
            "count": 2
        },
        "VacuumCleaner.Losses.ValueLoss.sum": {
            "value": 98.17423845672522,
            "min": 98.17423845672522,
            "max": 307.7452580173527,
            "count": 2
        },
        "VacuumCleaner.Policy.LearningRate.mean": {
            "value": 0.00029699200100266664,
            "min": 0.00029699200100266664,
            "max": 0.00029898880033706667,
            "count": 2
        },
        "VacuumCleaner.Policy.LearningRate.sum": {
            "value": 0.023165376078207997,
            "min": 0.023165376078207997,
            "max": 0.0233211264262912,
            "count": 2
        },
        "VacuumCleaner.Policy.Epsilon.mean": {
            "value": 0.19899733333333336,
            "min": 0.19899733333333336,
            "max": 0.19966293333333335,
            "count": 2
        },
        "VacuumCleaner.Policy.Epsilon.sum": {
            "value": 15.521792000000001,
            "min": 15.521792000000001,
            "max": 15.5737088,
            "count": 2
        },
        "VacuumCleaner.Policy.Beta.mean": {
            "value": 0.0004950869333333334,
            "min": 0.0004950869333333334,
            "max": 0.0004983483733333333,
            "count": 2
        },
        "VacuumCleaner.Policy.Beta.sum": {
            "value": 0.03861678080000001,
            "min": 0.03861678080000001,
            "max": 0.03887117312,
            "count": 2
        },
        "VacuumCleaner.Policy.GAILPolicyEstimate.mean": {
            "value": 0.15843136397527363,
            "min": 0.15843136397527363,
            "max": 0.1937661504278761,
            "count": 2
        },
        "VacuumCleaner.Policy.GAILPolicyEstimate.sum": {
            "value": 12.357646390071343,
            "min": 12.357646390071343,
            "max": 15.113759733374335,
            "count": 2
        },
        "VacuumCleaner.Policy.GAILExpertEstimate.mean": {
            "value": 0.8400035273612733,
            "min": 0.7999964698172704,
            "max": 0.8400035273612733,
            "count": 2
        },
        "VacuumCleaner.Policy.GAILExpertEstimate.sum": {
            "value": 65.52027513417931,
            "min": 62.399724645747085,
            "max": 65.52027513417931,
            "count": 2
        },
        "VacuumCleaner.Losses.GAILLoss.mean": {
            "value": 0.3712559418163748,
            "min": 0.3712559418163748,
            "max": 0.49487477275901126,
            "count": 2
        },
        "VacuumCleaner.Losses.GAILLoss.sum": {
            "value": 28.95796346167723,
            "min": 28.95796346167723,
            "max": 38.60023227520288,
            "count": 2
        },
        "VacuumCleaner.Policy.GAILGradMagLoss.mean": {
            "value": 0.2992463121316701,
            "min": 0.2992463121316701,
            "max": 0.7995524997909174,
            "count": 2
        },
        "VacuumCleaner.Policy.GAILGradMagLoss.sum": {
            "value": 23.341212346270268,
            "min": 23.341212346270268,
            "max": 62.365094983691556,
            "count": 2
        },
        "VacuumCleaner.Losses.PretrainingLoss.mean": {
            "value": 0.19269315436349532,
            "min": 0.19269315436349532,
            "max": 0.34544209753447297,
            "count": 2
        },
        "VacuumCleaner.Losses.PretrainingLoss.sum": {
            "value": 15.030066040352635,
            "min": 15.030066040352635,
            "max": 26.94448360768889,
            "count": 2
        },
        "VacuumCleaner.IsTraining.mean": {
            "value": 1.0,
            "min": 1.0,
            "max": 1.0,
            "count": 2
        },
        "VacuumCleaner.IsTraining.sum": {
            "value": 1.0,
            "min": 1.0,
            "max": 1.0,
            "count": 2
        }
    },
    "metadata": {
        "timer_format_version": "0.1.0",
        "start_time_seconds": "1645777195",
        "python_version": "3.9.7 (default, Sep 16 2021, 08:50:36) \n[Clang 10.0.0 ]",
        "command_line_arguments": "/Users/maxhager/opt/anaconda3/bin/mlagents-learn config/VacuumCleanerAgent.yaml --run-id=imi4 --force",
        "mlagents_version": "0.27.0",
        "mlagents_envs_version": "0.27.0",
        "communication_protocol_version": "1.5.0",
        "pytorch_version": "1.8.1",
        "numpy_version": "1.20.3",
        "end_time_seconds": "1645777527"
    },
    "total": 332.795437958,
    "count": 1,
    "self": 0.004931707999958235,
    "children": {
        "run_training.setup": {
            "total": 0.0761910830000001,
            "count": 1,
            "self": 0.0761910830000001
        },
        "TrainerController.start_learning": {
            "total": 332.714315167,
            "count": 1,
            "self": 0.21770505100641913,
            "children": {
                "TrainerController._reset_env": {
                    "total": 12.544836333,
                    "count": 1,
                    "self": 11.096771958000001,
                    "children": {
                        "demo_to_buffer": {
                            "total": 1.4480643749999977,
                            "count": 2,
                            "self": 0.00010258400000040524,
                            "children": {
                                "load_demonstration": {
                                    "total": 0.03908708300000008,
                                    "count": 2,
                                    "self": 0.03795245700000116,
                                    "children": {
                                        "read_file": {
                                            "total": 0.0011346259999989172,
                                            "count": 2,