{
    "name": "root",
    "gauges": {
        "VacuumCleaner.Policy.Entropy.mean": {
            "value": -4.19477653503418,
            "min": -4.19477653503418,
            "max": 1.1570183038711548,
            "count": 10
        },
        "VacuumCleaner.Policy.Entropy.sum": {
            "value": -41045.88671875,
            "min": -41045.88671875,
            "max": 12662.408203125,
            "count": 10
        },
        "VacuumCleaner.Step.mean": {
            "value": 99957.0,
            "min": 9950.0,
            "max": 99957.0,
            "count": 10
        },
        "VacuumCleaner.Step.sum": {
            "value": 99957.0,
            "min": 9950.0,
            "max": 99957.0,
            "count": 10
        },
        "VacuumCleaner.Policy.ExtrinsicValueEstimate.mean": {
            "value": 0.12860172986984253,
            "min": -0.013952004723250866,
            "max": 0.323131263256073,
            "count": 10
        },
        "VacuumCleaner.Policy.ExtrinsicValueEstimate.sum": {
            "value": 20.704877853393555,
            "min": -2.2602248191833496,
            "max": 52.024131774902344,
            "count": 10
        },
        "VacuumCleaner.Policy.GailValueEstimate.mean": {
            "value": 23.49021339416504,
            "min": 17.34029197692871,
            "max": 34.45264434814453,
            "count": 10
        },
        "VacuumCleaner.Policy.GailValueEstimate.sum": {
            "value": 3781.92431640625,
            "min": 2791.786865234375,
            "max": 5512.4228515625,
            "count": 10
        },
        "VacuumCleaner.Losses.PolicyLoss.mean": {
            "value": 0.35286071016409887,
            "min": 0.24265482259227358,
            "max": 0.36183933692444004,
            "count": 10
        },
        "VacuumCleaner.Losses.PolicyLoss.sum": {
            "value": 23.641667580994625,
            "min": 5.338406097030019,
            "max": 26.136381209560195,
            "count": 10
        },
        "VacuumCleaner.Losses.ValueLoss.mean": {
            "value": 22.58035990442469,
            "min": 5.388778336134347,
            "max": 22.58035990442469,
            "count": 10
        },
        "VacuumCleaner.Losses.ValueLoss.sum": {
            "value": 1512.8841135964542,
            "min": 224.393819980192,
            "max": 1512.8841135964542,
            "count": 10
        },
        "VacuumCleaner.Policy.LearningRate.mean": {
            "value": 1.5159139723104482e-05,
            "min": 1.5159139723104482e-05,
            "max": 0.00028016155206736363,
            "count": 10
        },
        "VacuumCleaner.Policy.LearningRate.sum": {
            "value": 0.0010156623614480003,
            "min": 0.0010156623614480003,
            "max": 0.011690592703135999,
            "count": 10
        },
        "VacuumCleaner.Policy.Epsilon.mean": {
            "value": 0.10505301492537314,
            "min": 0.10505301492537314,
            "max": 0.19338718181818182,
            "count": 10
        },
        "VacuumCleaner.Policy.Epsilon.sum": {
            "value": 7.038552,
            "min": 4.254518,
            "max": 9.135816000000002,
            "count": 10
        },
        "VacuumCleaner.Policy.Beta.mean": {
            "value": 3.475977313432836e-05,
            "min": 3.475977313432836e-05,
            "max": 0.00046759719090909093,
            "count": 10
        },
        "VacuumCleaner.Policy.Beta.sum": {
            "value": 0.0023289048,
            "min": 0.0023289048,
            "max": 0.0195546336,
            "count": 10
        },
        "VacuumCleaner.Policy.GAILPolicyEstimate.mean": {
            "value": 0.22359143101599838,
            "min": 0.21115516253962863,
            "max": 0.329461261786988,
            "count": 10
        },
        "VacuumCleaner.Policy.GAILPolicyEstimate.sum": {
            "value": 14.98062587807189,
            "min": 7.248147759313736,
            "max": 18.91569717888531,
            "count": 10
        },
        "VacuumCleaner.Policy.GAILExpertEstimate.mean": {
            "value": 0.8237362908351527,
            "min": 0.7046504029849553,
            "max": 0.8348758381006053,
            "count": 10
        },
        "VacuumCleaner.Policy.GAILExpertEstimate.sum": {
            "value": 55.19033148595523,
            "min": 15.502308865669017,
            "max": 59.28600360728122,
            "count": 10
        },
        "VacuumCleaner.Losses.GAILLoss.mean": {
            "value": 0.5117940655907595,
            "min": 0.4754223051488368,
            "max": 0.8126458000798782,
            "count": 10
        },
        "VacuumCleaner.Losses.GAILLoss.sum": {
            "value": 34.29020239458088,
            "min": 17.87820760175732,
            "max": 42.029816415966636,
            "count": 10
        },
        "VacuumCleaner.Policy.GAILGradMagLoss.mean": {
            "value": 0.11039133957633396,
            "min": 0.11039133957633396,
            "max": 0.3508755556899657,
            "count": 10
        },
        "VacuumCleaner.Policy.GAILGradMagLoss.sum": {
            "value": 7.3962197516143755,
            "min": 7.1561630105795055,
            "max": 13.232332353648696,
            "count": 10
        },
        "VacuumCleaner.Losses.PretrainingLoss.mean": {
            "value": 0.032399675381953805,
            "min": 0.032399675381953805,
            "max": 0.7452583777148404,
            "count": 10
        },
        "VacuumCleaner.Losses.PretrainingLoss.sum": {
            "value": 2.170778250590905,
            "min": 2.170778250590905,
            "max": 16.395684309726487,
            "count": 10
        },
        "VacuumCleaner.Environment.EpisodeLength.mean": {
            "value": 1169.0,
            "min": 293.8888888888889,
            "max": 1227.2,
            "count": 10
        },
        "VacuumCleaner.Environment.EpisodeLength.sum": {
            "value": 10521.0,
            "min": 2645.0,
            "max": 16968.0,
            "count": 10
        },
        "VacuumCleaner.Environment.CumulativeReward.mean": {
            "value": 0.8888888888888888,
            "min": 0.4,
            "max": 2.0,
            "count": 10
        },
        "VacuumCleaner.Environment.CumulativeReward.sum": {
            "value": 8.0,
            "min": 2.0,
            "max": 28.0,
            "count": 10
        },
        "VacuumCleaner.Policy.ExtrinsicReward.mean": {
            "value": 0.8888888888888888,
            "min": 0.4,
            "max": 2.0,
            "count": 10
        },
        "VacuumCleaner.Policy.ExtrinsicReward.sum": {
            "value": 8.0,
            "min": 2.0,
            "max": 28.0,
            "count": 10
        },
        "VacuumCleaner.Policy.GailReward.mean": {
            "value": 313.1948860668474,
            "min": 94.4561073117786,
            "max": 450.50933534502985,
            "count": 10
        },
        "VacuumCleaner.Policy.GailReward.sum": {
            "value": 2818.7539746016264,
            "min": 850.1049658060074,
            "max": 4402.306822339073,
            "count": 10
        },
        "VacuumCleaner.IsTraining.mean": {
            "value": 1.0,
            "min": 1.0,
            "max": 1.0,
            "count": 10
        },
        "VacuumCleaner.IsTraining.sum": {
            "value": 1.0,
            "min": 1.0,
            "max": 1.0,
            "count": 10
        }
    },
    "metadata": {
        "timer_format_version": "0.1.0",
        "start_time_seconds": "1645884555",
        "python_version": "3.9.7 (default, Sep 16 2021, 08:50:36) \n[Clang 10.0.0 ]",
        "command_line_arguments": "/Users/maxhager/opt/anaconda3/bin/mlagents-learn config/VacuumCleanerAgent.yaml --run-id=TestTrainingWithEndingEpisodesManyPlatformsAndNewScript --force",
        "mlagents_version": "0.27.0",
        "mlagents_envs_version": "0.27.0",
        "communication_protocol_version": "1.5.0",
        "pytorch_version": "1.8.1",